antecedents,consequents,support,confidence,lift
"Multiplayer, FPS","First-Person, Shooter",0.1,0.8285714285714286,6.865306122448979
"First-Person, Shooter","Multiplayer, FPS",0.1,0.8285714285714286,6.865306122448979
"First-Person, Shooter","Action, FPS",0.11379310344827587,0.9428571428571428,6.668989547038327
"Action, FPS","First-Person, Shooter",0.11379310344827587,0.8048780487804879,6.668989547038327
"First-Person, Shooter",FPS,0.11724137931034483,0.9714285714285714,6.402597402597403
FPS,"First-Person, Shooter",0.11724137931034483,0.7727272727272727,6.402597402597402
FPS,"Action, First-Person, Shooter",0.11379310344827587,0.75,6.397058823529412
"Action, First-Person, Shooter",FPS,0.11379310344827587,0.9705882352941178,6.397058823529412
"First-Person, Shooter, Multiplayer",FPS,0.1,0.9666666666666668,6.371212121212122
"Multiplayer, First-Person, FPS",Shooter,0.1,0.8787878787878788,5.540184453227931
"Multiplayer, FPS",Shooter,0.10344827586206896,0.8571428571428571,5.403726708074533
"First-Person, FPS","Action, Shooter",0.11379310344827587,0.8048780487804879,5.3048780487804885
"Action, Shooter","First-Person, FPS",0.11379310344827587,0.75,5.304878048780488
"Multiplayer, Shooter","First-Person, FPS",0.1,0.7435897435897437,5.259537210756724
"First-Person, FPS","Multiplayer, Shooter",0.1,0.7073170731707317,5.259537210756723
"First-Person, FPS",Shooter,0.11724137931034483,0.8292682926829268,5.2279957582184515
Shooter,"First-Person, FPS",0.11724137931034483,0.7391304347826086,5.2279957582184515
"Action, First-Person, FPS",Shooter,0.11379310344827587,0.8250000000000001,5.201086956521739
Shooter,"Action, First-Person, FPS",0.11379310344827587,0.717391304347826,5.201086956521739
Shooter,"Action, FPS",0.11379310344827587,0.717391304347826,5.074231177094379
"Action, FPS",Shooter,0.11379310344827587,0.8048780487804879,5.074231177094379
"Multiplayer, Shooter",FPS,0.10344827586206896,0.7692307692307693,5.06993006993007
Shooter,FPS,0.1206896551724138,0.7608695652173912,5.014822134387352
FPS,Shooter,0.1206896551724138,0.7954545454545455,5.014822134387352
"Action, Shooter",FPS,0.11379310344827587,0.75,4.943181818181818
FPS,"Action, Shooter",0.11379310344827587,0.75,4.943181818181818
"Singleplayer, FPS","Action, First-Person",0.1,0.9666666666666668,4.122549019607844
"Shooter, FPS","Action, First-Person",0.11379310344827587,0.9428571428571428,4.0210084033613445
FPS,"Action, First-Person, Multiplayer",0.1103448275862069,0.7272727272727273,3.979416809605489
"Multiplayer, FPS","Action, First-Person",0.1103448275862069,0.9142857142857143,3.899159663865546
FPS,"Action, First-Person",0.13793103448275862,0.9090909090909091,3.877005347593583
"Racing, Singleplayer","Multiplayer, Sports",0.10689655172413794,0.8611111111111112,3.7836700336700337
Building,"Simulation, Sandbox",0.10344827586206896,0.7692307692307693,3.717948717948718
"Racing, Simulation","Multiplayer, Sports",0.11379310344827587,0.8461538461538463,3.717948717948718
"Racing, Multiplayer","Simulation, Sports",0.11379310344827587,0.8048780487804879,3.5909943714821764
Racing,"Multiplayer, Sports",0.1310344827586207,0.8085106382978725,3.5525467440361065
"Racing, Simulation, Multiplayer",Sports,0.11379310344827587,0.9428571428571428,3.5510204081632657
"Racing, Multiplayer","Singleplayer, Sports",0.10689655172413794,0.7560975609756098,3.5365853658536586
Racing,"Simulation, Multiplayer, Sports",0.11379310344827587,0.7021276595744682,3.5106382978723407
"Racing, Multiplayer",Sports,0.1310344827586207,0.926829268292683,3.4906556857776376
"Racing, Simulation",Sports,0.12413793103448276,0.9230769230769231,3.476523476523477
Racing,Sports,0.1482758620689655,0.9148936170212766,3.4457032329372757
"Racing, Singleplayer, Multiplayer",Sports,0.10689655172413794,0.911764705882353,3.433919022154317
Racing,"Simulation, Sports",0.12413793103448276,0.7659574468085106,3.4173486088379703
"Racing, Singleplayer",Sports,0.1103448275862069,0.8888888888888888,3.347763347763348
"Shooter, FPS","First-Person, Multiplayer",0.1,0.8285714285714286,3.2915851272015657
"Building, Singleplayer",Sandbox,0.10344827586206896,0.8823529411764706,3.1985294117647056
Building,"Singleplayer, Sandbox",0.10344827586206896,0.7692307692307693,3.186813186813187
"Multiplayer, Shooter","Action, First-Person",0.1,0.7435897435897437,3.1711915535444954
Building,Sandbox,0.11724137931034483,0.8717948717948718,3.16025641025641
"Action, Shooter, FPS",First-Person,0.11379310344827587,1.0,3.152173913043478
"Action, Singleplayer, FPS",First-Person,0.1,1.0,3.152173913043478
Shooter,"Action, First-Person",0.11724137931034483,0.7391304347826086,3.152173913043478
"Simulation, Building",Sandbox,0.10344827586206896,0.8571428571428571,3.107142857142857
"Action, FPS","First-Person, Multiplayer",0.1103448275862069,0.7804878048780487,3.1005679919812894
"Action, FPS",First-Person,0.13793103448275862,0.975609756097561,3.075291622481442
"Shooter, FPS",First-Person,0.11724137931034483,0.9714285714285714,3.062111801242236
"Action, Multiplayer, FPS",First-Person,0.1103448275862069,0.9696969696969696,3.0566534914360997
"PvP, Co-op","Online Co-Op, Multiplayer",0.12413793103448276,0.7999999999999999,3.0526315789473677
"Multiplayer, Shooter, FPS",First-Person,0.1,0.9666666666666668,3.0471014492753623
"Singleplayer, FPS",First-Person,0.1,0.9666666666666668,3.0471014492753623
"Co-op, FPS",First-Person,0.1,0.9666666666666668,3.0471014492753623
FPS,"First-Person, Multiplayer",0.11379310344827587,0.75,2.9794520547945207
"Multiplayer, FPS",First-Person,0.11379310344827587,0.9428571428571428,2.9720496894409933
FPS,First-Person,0.1413793103448276,0.9318181818181819,2.9372529644268774
"PvP, Co-op",Online Co-Op,0.12413793103448276,0.7999999999999999,2.9
"PvP, Co-op, Multiplayer",Online Co-Op,0.12413793103448276,0.7999999999999999,2.9
"Multiplayer, Shooter","Co-op, Action",0.10344827586206896,0.7692307692307693,2.8971028971028976
"Online Co-Op, First-Person","Co-op, Action",0.1,0.763157894736842,2.874231032125769
"Action, FPS","First-Person, Singleplayer",0.1,0.7073170731707317,2.8489159891598916
Controller,Sports,0.10344827586206896,0.7142857142857142,2.6901669758812616
Turn-Based Strategy,Strategy,0.10344827586206896,0.9090909090909091,2.662993572084481
"Co-op, Multiplayer, First-Person",Online Co-Op,0.1103448275862069,0.7272727272727273,2.6363636363636367
"Co-op, First-Person",Online Co-Op,0.11724137931034483,0.7083333333333334,2.5677083333333335
"Action, Multiplayer, Shooter",First-Person,0.1,0.7837837837837838,2.470622796709753
"Online Co-Op, PvP","Co-op, Multiplayer",0.12413793103448276,0.9,2.439252336448598
"Action, Shooter",First-Person,0.11724137931034483,0.7727272727272727,2.435770750988142
"Multiplayer, Shooter",First-Person,0.10344827586206896,0.7692307692307693,2.4247491638795986
"Online Co-Op, Action, First-Person",Co-op,0.1,0.935483870967742,2.4222350230414746
Shooter,First-Person,0.1206896551724138,0.7608695652173912,2.398393194706994
"Adventure, Sandbox","Open World, Singleplayer",0.10344827586206896,0.7894736842105262,2.3848684210526314
"Online Co-Op, PvP",Co-op,0.12413793103448276,0.9,2.330357142857143
"Online Co-Op, PvP, Multiplayer",Co-op,0.12413793103448276,0.9,2.330357142857143
"Singleplayer, Tactical",Strategy,0.10689655172413794,0.7948717948717949,2.3284123284123286
"Open World, Exploration","Adventure, Singleplayer",0.10344827586206896,0.8108108108108107,2.328070644902328
"Online Co-Op, Action, Singleplayer",Co-op,0.1206896551724138,0.8974358974358976,2.323717948717949
"Online Co-Op, First-Person",Co-op,0.11724137931034483,0.894736842105263,2.3167293233082704
"Online Co-Op, Action, Multiplayer, Singleplayer",Co-op,0.11379310344827587,0.8918918918918919,2.3093629343629343
"Online Co-Op, First-Person, Multiplayer",Co-op,0.1103448275862069,0.8888888888888888,2.3015873015873014
"Story Rich, Action",Atmospheric,0.1206896551724138,0.7446808510638299,2.2974196468990495
"Online Co-Op, Action",Co-op,0.16206896551724137,0.8867924528301886,2.2961590296495955
"Story Rich, Action, Singleplayer",Atmospheric,0.1103448275862069,0.7441860465116279,2.2958931222167247
"Online Co-Op, Action, Singleplayer","Co-op, Multiplayer",0.11379310344827587,0.8461538461538463,2.2933141624730413
"Adventure, Co-op","Action, Multiplayer, Singleplayer",0.1103448275862069,0.7272727272727273,2.292490118577075
"Online Co-Op, Singleplayer","Co-op, Multiplayer",0.16896551724137931,0.8448275862068966,2.289719626168224
"Online Co-Op, First-Person","Co-op, Multiplayer",0.1103448275862069,0.8421052631578947,2.2823413674372848
"Online Co-Op, Action, Multiplayer",Co-op,0.15172413793103448,0.8799999999999999,2.2785714285714285
"Online Co-Op, Singleplayer",Co-op,0.17586206896551723,0.8793103448275861,2.276785714285714
"Realistic, Sports","Simulation, Multiplayer",0.1,0.8787878787878788,2.2754329004329006
"Online Co-Op, Singleplayer, Multiplayer",Co-op,0.16896551724137931,0.875,2.265625
"Online Co-Op, Action","Co-op, Multiplayer",0.15172413793103448,0.830188679245283,2.2500440839358133
"Adventure, Singleplayer, Sandbox",Open World,0.10344827586206896,0.8571428571428571,2.2193877551020407
"Online Co-Op, Multiplayer",Co-op,0.22413793103448276,0.8552631578947367,2.214520676691729
Online Co-Op,"Co-op, Multiplayer",0.22413793103448276,0.8125,2.2021028037383177
Online Co-Op,Co-op,0.23448275862068965,0.85,2.200892857142857
"Adventure, Co-op, Singleplayer","Action, Multiplayer",0.1103448275862069,0.8888888888888888,2.184557438794727
"Adventure, Sandbox",Open World,0.1103448275862069,0.8421052631578947,2.180451127819549
"Open World, Exploration, Singleplayer",Adventure,0.10344827586206896,0.9090909090909091,2.1788129226145756
"Co-op, First-Person, Singleplayer","Action, Multiplayer",0.10344827586206896,0.8823529411764706,2.168494516450648
"Co-op, Shooter","Action, Multiplayer",0.10344827586206896,0.8823529411764706,2.168494516450648
"Adventure, Exploration","Open World, Singleplayer",0.10344827586206896,0.7142857142857142,2.157738095238095
Tactical,Strategy,0.12413793103448276,0.7346938775510203,2.152133580705009
"Online Co-Op, Simulation",Co-op,0.1,0.8285714285714286,2.1454081632653064
"Strategy, Sandbox","Simulation, Singleplayer",0.1103448275862069,0.8888888888888888,2.130394857667585
"Multiplayer, Shooter",Co-op,0.1103448275862069,0.8205128205128206,2.124542124542125
"Multiplayer, Tactical",Strategy,0.10689655172413794,0.7209302325581396,2.1118158327460654
"Action, Multiplayer, Shooter",Co-op,0.10344827586206896,0.8108108108108107,2.0994208494208495
"Adventure, Exploration, Singleplayer",Open World,0.10344827586206896,0.8108108108108107,2.0994208494208495
"Action, Exploration","Adventure, Singleplayer",0.1,0.7250000000000001,2.081683168316832
"Open World, Exploration",Adventure,0.1103448275862069,0.8648648648648648,2.0728166182711636
Management,"Simulation, Singleplayer",0.12413793103448276,0.8571428571428571,2.0543093270365995
"Atmospheric, Open World, Action","Adventure, Singleplayer",0.10344827586206896,0.7142857142857142,2.050919377652051
"Singleplayer, Sports","Simulation, Multiplayer",0.16896551724137931,0.7903225806451613,2.0463709677419355
"Action, Exploration, Singleplayer",Adventure,0.1,0.8529411764705883,2.0442391832766167
"First-Person, Shooter","Action, Multiplayer",0.1,0.8285714285714286,2.036319612590799
"Adventure, Co-op","Action, Multiplayer",0.12413793103448276,0.8181818181818182,2.0107858243451466
"Racing, Sports","Simulation, Multiplayer",0.11379310344827587,0.7674418604651163,1.9871262458471761
"Co-op, Atmospheric","Action, Multiplayer",0.1,0.8055555555555556,1.9797551789077215
"Open World, RPG",Adventure,0.11379310344827587,0.8250000000000001,1.9772727272727275
Shooter,"Action, Multiplayer",0.12758620689655173,0.8043478260869565,1.976787030213707
"Adventure, Exploration",Open World,0.1103448275862069,0.7619047619047619,1.9727891156462585
Sports,"Simulation, Multiplayer",0.2,0.7532467532467534,1.950371057513915
"Co-op, First-Person","Action, Multiplayer",0.1310344827586207,0.7916666666666667,1.9456214689265539
"Atmospheric, Singleplayer, Open World, Action",Adventure,0.10344827586206896,0.8108108108108107,1.9432655796292158
"Adventure, Simulation",Open World,0.10344827586206896,0.75,1.9419642857142858
"Action, Sandbox",Open World,0.11379310344827587,0.75,1.9419642857142858
"Atmospheric, Open World, Action",Adventure,0.11724137931034483,0.8095238095238094,1.9401810310901217
"Atmospheric, Exploration",Adventure,0.1,0.8055555555555556,1.9306703397612488
"Action, RPG, Singleplayer",Adventure,0.11379310344827587,0.8048780487804879,1.9290465631929048
Racing,"Simulation, Multiplayer",0.1206896551724138,0.7446808510638299,1.9281914893617023
"Adventure, First-Person, Singleplayer",Open World,0.1,0.7435897435897437,1.9253663003663006
"First-Person, FPS","Action, Multiplayer",0.1103448275862069,0.7804878048780487,1.9181479950392724
"Adventure, Atmospheric, Singleplayer",Open World,0.12758620689655173,0.74,1.9160714285714286
Shooter,Co-op,0.11724137931034483,0.7391304347826086,1.9138198757763973
"Action, RPG",Adventure,0.13448275862068965,0.7959183673469387,1.9075729465339852
"Adventure, Atmospheric, Singleplayer, Action",Open World,0.10344827586206896,0.7317073170731707,1.8945993031358885
"Action, Third Person, Singleplayer",Adventure,0.12758620689655173,0.7872340425531915,1.886759275540707
"Exploration, Singleplayer",Adventure,0.12758620689655173,0.7872340425531915,1.886759275540707
"Action, Shooter",Co-op,0.1103448275862069,0.7272727272727273,1.8831168831168832
"Adventure, Third Person","Action, Singleplayer",0.12758620689655173,0.8409090909090909,1.8758741258741258
"Online Co-Op, First-Person","Action, Multiplayer",0.1,0.763157894736842,1.875557537912578
"Adventure, Atmospheric, Action",Open World,0.11724137931034483,0.723404255319149,1.8731003039513678
"Co-op, Open World","Action, Multiplayer",0.1103448275862069,0.7619047619047619,1.8724778046811945
"Realistic, Multiplayer, Sports",Simulation,0.1,0.9666666666666668,1.868888888888889
"Multiplayer, Tactical",Co-op,0.10689655172413794,0.7209302325581396,1.8666943521594686
"Atmospheric, Open World",Adventure,0.14482758620689656,0.7777777777777778,1.8640955004591369
"Story Rich, RPG",Adventure,0.10689655172413794,0.775,1.8574380165289257
"Action, Exploration",Adventure,0.10689655172413794,0.775,1.8574380165289257
"First-Person, Action, Multiplayer",Co-op,0.1310344827586207,0.7169811320754718,1.856469002695418
"Singleplayer, Action, First-Person, Multiplayer",Co-op,0.10344827586206896,0.7142857142857142,1.8494897959183672
"Atmospheric, Singleplayer, Open World",Adventure,0.12758620689655173,0.7708333333333334,1.847451790633609
Building,"Simulation, Singleplayer",0.10344827586206896,0.7692307692307693,1.8436109345200256
"Realistic, Singleplayer","Simulation, Multiplayer",0.14482758620689656,0.7118644067796611,1.843220338983051
"Adventure, Atmospheric",Open World,0.14482758620689656,0.7118644067796611,1.843220338983051
FPS,"Action, Multiplayer",0.11379310344827587,0.75,1.843220338983051
"First-Person, FPS",Co-op,0.1,0.7073170731707317,1.831445993031359
"Adventure, Great Soundtrack","Action, Singleplayer",0.1103448275862069,0.8205128205128206,1.8303747534516768
"Strategy, Sandbox",Simulation,0.11724137931034483,0.9444444444444444,1.8259259259259257
"Adventure, First-Person",Open World,0.10689655172413794,0.7045454545454546,1.8242694805194806
"Strategy, Singleplayer, Sandbox",Simulation,0.1103448275862069,0.9411764705882353,1.8196078431372547
"Exploration, Singleplayer",Open World,0.11379310344827587,0.7021276595744682,1.8180091185410339
"Realistic, Sports",Simulation,0.10689655172413794,0.9393939393939394,1.816161616161616
"RPG, Singleplayer",Adventure,0.15517241379310345,0.75,1.7975206611570247
Management,Simulation,0.13448275862068965,0.9285714285714284,1.7952380952380949
"Singleplayer, Management",Simulation,0.12413793103448276,0.9230769230769231,1.7846153846153845
"Multiplayer, Sports","Simulation, Singleplayer",0.16896551724137931,0.7424242424242424,1.7793638868019033
"Singleplayer, First-Person, FPS",Action,0.1,1.0,1.7575757575757576
Action RPG,Action,0.10689655172413794,1.0,1.7575757575757576
"Action, Singleplayer, Great Soundtrack",Adventure,0.1103448275862069,0.7272727272727273,1.7430503380916604
"Adventure, Co-op, Multiplayer","Action, Singleplayer",0.1103448275862069,0.7804878048780487,1.7410881801125702
"Realistic, Multiplayer","Simulation, Singleplayer",0.14482758620689656,0.7241379310344828,1.7355371900826446
Building,Simulation,0.1206896551724138,0.8974358974358976,1.735042735042735
"Story Rich, Action",Adventure,0.11724137931034483,0.723404255319149,1.733778793740109
"Story Rich, Action, Singleplayer",Adventure,0.10689655172413794,0.7209302325581396,1.7278493177013263
"Adventure, First-Person","Action, Singleplayer",0.11724137931034483,0.7727272727272727,1.7237762237762237
"Action, Great Soundtrack",Adventure,0.11379310344827587,0.717391304347826,1.7193675889328062
"First-Person, FPS",Action,0.13793103448275862,0.975609756097561,1.7147080561714707
"Story Rich, Atmospheric",Adventure,0.10344827586206896,0.7142857142857142,1.7119244391971662
"Sandbox, Indie","Simulation, Singleplayer",0.10344827586206896,0.7142857142857142,1.7119244391971662
"Adventure, Third Person, Singleplayer",Action,0.12758620689655173,0.9736842105263157,1.7113237639553427
"First-Person, Shooter",Action,0.11724137931034483,0.9714285714285714,1.7073593073593072
"First-Person, Shooter, FPS",Action,0.11379310344827587,0.9705882352941178,1.7058823529411766
"Building, Sandbox",Simulation,0.10344827586206896,0.8823529411764706,1.7058823529411764
Driving,Simulation,0.10344827586206896,0.8823529411764706,1.7058823529411764
"Building, Singleplayer",Simulation,0.10344827586206896,0.8823529411764706,1.7058823529411764
"Singleplayer, Shooter",Action,0.1103448275862069,0.9696969696969696,1.7043158861340677
"Multiplayer, First-Person, FPS",Action,0.1103448275862069,0.9696969696969696,1.7043158861340677
"Story Rich, Atmospheric","Action, Singleplayer",0.1103448275862069,0.7619047619047619,1.6996336996336996
"Singleplayer, FPS",Action,0.1,0.9666666666666668,1.698989898989899
"First-Person, Shooter, Multiplayer",Action,0.1,0.9666666666666668,1.698989898989899
"Multiplayer, Sports",Simulation,0.2,0.8787878787878788,1.6989898989898988
"Open World, Singleplayer, Action",Adventure,0.15862068965517243,0.7076923076923077,1.6961220597584235
"Atmospheric, Singleplayer, Action",Adventure,0.1413793103448276,0.7068965517241379,1.6942148760330578
"Action, Third Person",Adventure,0.1413793103448276,0.7068965517241379,1.6942148760330578
"Story Rich, Singleplayer",Adventure,0.13793103448275862,0.7017543859649122,1.681890677105988
"Atmospheric, Action",Adventure,0.16206896551724137,0.7014925373134329,1.6812631059578143
Shooter,Action,0.15172413793103448,0.9565217391304347,1.6811594202898548
"Racing, Multiplayer, Sports",Simulation,0.11379310344827587,0.8684210526315789,1.6789473684210523
"Adventure, Co-op","Action, Singleplayer",0.11379310344827587,0.75,1.6730769230769231
"Multiplayer, Shooter",Action,0.12758620689655173,0.9487179487179488,1.6674436674436675
"Multiplayer, Singleplayer, Sports",Simulation,0.16896551724137931,0.8596491228070176,1.6619883040935672
"Atmospheric, Great Soundtrack","Action, Singleplayer",0.1,0.7435897435897437,1.658777120315582
"Realistic, Singleplayer, Multiplayer",Simulation,0.14482758620689656,0.8571428571428572,1.6571428571428573
"Multiplayer, FPS",Action,0.11379310344827587,0.9428571428571428,1.657142857142857
"Action, Sports",Simulation,0.10344827586206896,0.8571428571428571,1.657142857142857
"Shooter, FPS",Action,0.11379310344827587,0.9428571428571428,1.657142857142857
"Co-op, Shooter",Action,0.1103448275862069,0.9411764705882353,1.6541889483065952
"Racing, Multiplayer",Simulation,0.1206896551724138,0.8536585365853658,1.6504065040650404
"Co-op, Multiplayer, Shooter",Action,0.10344827586206896,0.9375,1.6477272727272727
"Atmospheric, Third Person",Action,0.10344827586206896,0.9375,1.6477272727272727
"Realistic, Singleplayer",Simulation,0.1724137931034483,0.8474576271186441,1.6384180790960452
"Adventure, Third Person",Action,0.1413793103448276,0.9318181818181819,1.637741046831956
FPS,Action,0.1413793103448276,0.9318181818181819,1.637741046831956
"Realistic, Multiplayer",Simulation,0.16896551724137931,0.8448275862068966,1.6333333333333333
Sports,Simulation,0.22413793103448276,0.8441558441558442,1.632034632034632
"Singleplayer, Sports",Simulation,0.1793103448275862,0.8387096774193548,1.6215053763440859
"Racing, Sports",Simulation,0.12413793103448276,0.8372093023255814,1.6186046511627907
"Adventure, Co-op, Singleplayer",Action,0.11379310344827587,0.9166666666666667,1.6111111111111112
"Racing, Singleplayer",Simulation,0.10344827586206896,0.8333333333333334,1.6111111111111112
"Adventure, Co-op, Multiplayer, Singleplayer",Action,0.1103448275862069,0.9142857142857143,1.6069264069264069
Racing,Simulation,0.13448275862068965,0.8297872340425532,1.604255319148936
"Co-op, Singleplayer, First-Person",Action,0.10689655172413794,0.911764705882353,1.6024955436720143
"Singleplayer, Co-op, First-Person, Multiplayer",Action,0.10344827586206896,0.9090909090909091,1.5977961432506886
"Open World, First-Person","Action, Singleplayer",0.1206896551724138,0.7142857142857143,1.5934065934065935
"Adventure, Atmospheric, Open World","Action, Singleplayer",0.10344827586206896,0.7142857142857142,1.593406593406593
Realistic,Simulation,0.20344827586206896,0.8194444444444444,1.584259259259259
"First-Person, FPS","Action, Singleplayer",0.1,0.7073170731707317,1.5778611632270167
"Co-op, Open World","Singleplayer, Multiplayer",0.12413793103448276,0.8571428571428571,1.573236889692586
"Moddable, Singleplayer",Simulation,0.10344827586206896,0.8108108108108107,1.5675675675675673
"Co-op, Atmospheric",Action,0.1103448275862069,0.8888888888888888,1.562289562289562
"Adventure, Co-op",Action,0.13448275862068965,0.8863636363636364,1.5578512396694213
"Casual, Singleplayer",Simulation,0.13793103448275862,0.7999999999999999,1.5466666666666664
"Co-op, Atmospheric, Multiplayer",Action,0.1,0.8787878787878788,1.544536271808999
"Adventure, Co-op, Multiplayer",Action,0.12413793103448276,0.8780487804878049,1.5432372505543237
"Co-op, First-Person",Action,0.14482758620689656,0.8750000000000001,1.537878787878788
"Adventure, First-Person, Singleplayer",Action,0.11724137931034483,0.8717948717948718,1.5322455322455322
"Co-op, Atmospheric","Singleplayer, Multiplayer",0.10344827586206896,0.8333333333333334,1.529535864978903
Moddable,Simulation,0.11724137931034483,0.7906976744186047,1.5286821705426357
"Singleplayer, Sandbox, Indie",Simulation,0.10344827586206896,0.7894736842105262,1.5263157894736838
"Singleplayer, Early Access",Simulation,0.10344827586206896,0.7894736842105262,1.5263157894736838
"Adventure, Singleplayer, Great Soundtrack",Action,0.1103448275862069,0.8648648648648648,1.52006552006552
"Story Rich, Atmospheric, Singleplayer",Action,0.1103448275862069,0.8648648648648648,1.52006552006552
"Co-op, Multiplayer, First-Person",Action,0.1310344827586207,0.8636363636363638,1.5179063360881544
"Adventure, First-Person",Action,0.1310344827586207,0.8636363636363638,1.5179063360881544
"Adventure, Co-op, Action","Multiplayer, Singleplayer",0.1103448275862069,0.8205128205128206,1.5060045439792278
"Simulation, Co-op","Singleplayer, Multiplayer",0.1413793103448276,0.82,1.5050632911392405
"Online Co-Op, Co-op, First-Person",Action,0.1,0.8529411764705883,1.4991087344028522
"Adventure, Great Soundtrack",Action,0.11379310344827587,0.8461538461538463,1.4871794871794872
"Realistic, First-Person",Simulation,0.1,0.763157894736842,1.4754385964912278
"Sandbox, Indie",Simulation,0.1103448275862069,0.7619047619047619,1.473015873015873
Controller,Simulation,0.1103448275862069,0.7619047619047619,1.473015873015873
"Open World, Third Person",Action,0.10689655172413794,0.8378378378378378,1.4725634725634724
"Story Rich, Atmospheric",Action,0.1206896551724138,0.8333333333333333,1.4646464646464645
"Adventure, Co-op","Singleplayer, Multiplayer",0.1206896551724138,0.7954545454545455,1.460011507479862
"Atmospheric, First-Person",Action,0.11724137931034483,0.8292682926829268,1.45750184774575
"Co-op, Open World, Action",Multiplayer,0.1103448275862069,1.0,1.45
"PvP, Action",Multiplayer,0.15172413793103448,1.0,1.45
"Co-op, Open World, Singleplayer",Multiplayer,0.12413793103448276,1.0,1.45
"Online Co-Op, PvP, Singleplayer",Multiplayer,0.1,1.0,1.45
Sandbox,Simulation,0.20689655172413793,0.75,1.45
"Strategy, Co-op, Singleplayer",Multiplayer,0.10344827586206896,1.0,1.45
"Co-op, Atmospheric, Singleplayer",Multiplayer,0.10344827586206896,1.0,1.45
"PvP, Co-op, Singleplayer",Multiplayer,0.1103448275862069,1.0,1.45
"Online Co-Op, Co-op, PvP",Multiplayer,0.12413793103448276,1.0,1.45
"Online Co-Op, PvP",Multiplayer,0.13793103448275862,1.0,1.45
"PvP, First-Person",Multiplayer,0.10344827586206896,1.0,1.45
"Strategy, Co-op",Multiplayer,0.13448275862068965,1.0,1.45
"Co-op, Open World",Multiplayer,0.14482758620689656,1.0,1.45
"Co-op, Tactical",Multiplayer,0.10689655172413794,1.0,1.45
"PvP, Co-op",Multiplayer,0.15517241379310345,1.0,1.45
"Third Person, Singleplayer",Action,0.16206896551724137,0.8245614035087718,1.4492291334396594
"Adventure, Atmospheric, Singleplayer",Action,0.1413793103448276,0.82,1.4412121212121212
"Casual, Multiplayer",Simulation,0.1,0.7435897435897437,1.4376068376068378
"Singleplayer, Sandbox",Simulation,0.1793103448275862,0.7428571428571428,1.436190476190476
"Online Co-Op, First-Person",Action,0.10689655172413794,0.8157894736842105,1.4338118022328548
"Multiplayer, Sandbox",Simulation,0.13793103448275862,0.7407407407407407,1.4320987654320987
"Realistic, Action",Simulation,0.10689655172413794,0.738095238095238,1.4269841269841268
"Adventure, Atmospheric, Singleplayer, Open World",Action,0.10344827586206896,0.8108108108108107,1.4250614250614249
"Adventure, Atmospheric, Open World",Action,0.11724137931034483,0.8095238095238094,1.4227994227994225
"PvP, Singleplayer",Multiplayer,0.1793103448275862,0.9811320754716981,1.4226415094339622
"Simulation, Co-op",Multiplayer,0.16896551724137931,0.98,1.4209999999999998
"Adventure, Singleplayer, Multiplayer",Action,0.1724137931034483,0.8064516129032259,1.4173998044965788
"Co-op, Singleplayer",Multiplayer,0.296551724137931,0.9772727272727272,1.4170454545454543
"Online Co-Op, First-Person, Multiplayer",Action,0.1,0.8055555555555556,1.4158249158249159
"Simulation, Singleplayer, Co-op",Multiplayer,0.1413793103448276,0.9761904761904762,1.4154761904761903
"Strategy, Co-op","Singleplayer, Multiplayer",0.10344827586206896,0.7692307692307693,1.4118792599805259
"Adventure, Co-op, Singleplayer",Multiplayer,0.1206896551724138,0.9722222222222223,1.4097222222222223
Co-op,"Singleplayer, Multiplayer",0.296551724137931,0.7678571428571428,1.4093580470162748
War,Multiplayer,0.11379310344827587,0.9705882352941178,1.4073529411764707
"Co-op, Singleplayer, First-Person",Multiplayer,0.11379310344827587,0.9705882352941178,1.4073529411764707
"Adventure, Co-op, Action, Singleplayer",Multiplayer,0.1103448275862069,0.9696969696969696,1.4060606060606058
"PvP, Simulation",Multiplayer,0.1103448275862069,0.9696969696969696,1.4060606060606058
"Racing, Singleplayer, Sports",Multiplayer,0.10689655172413794,0.9687500000000001,1.4046875
Casual,Simulation,0.15517241379310345,0.7258064516129032,1.4032258064516128
"Open World, Sports",Multiplayer,0.10344827586206896,0.9677419354838709,1.4032258064516128
"Co-op, Action, First-Person, Singleplayer",Multiplayer,0.10344827586206896,0.9677419354838709,1.4032258064516128
"Co-op, Sandbox",Multiplayer,0.1,0.9666666666666668,1.4016666666666668
"Action, Tactical",Multiplayer,0.1,0.9666666666666668,1.4016666666666668
"PvP, Sports",Multiplayer,0.1,0.9666666666666668,1.4016666666666668
"Multiplayer, Early Access",Simulation,0.1,0.7250000000000001,1.4016666666666668
"Co-op, Action, Singleplayer",Multiplayer,0.19655172413793104,0.9661016949152543,1.4008474576271186
"Realistic, First-Person","Singleplayer, Multiplayer",0.1,0.763157894736842,1.4007328447701533
"Adventure, Atmospheric",Action,0.16206896551724137,0.7966101694915254,1.4001027221366205
"Online Co-Op, Singleplayer",Multiplayer,0.19310344827586207,0.9655172413793103,1.4
"Open World, First-Person",Action,0.13448275862068965,0.7959183673469387,1.3988868274582558
"Multiplayer, Singleplayer, Sandbox",Simulation,0.11724137931034483,0.723404255319149,1.398581560283688
"Open World, First-Person, Singleplayer",Action,0.1206896551724138,0.7954545454545455,1.3980716253443526
"Open World, First-Person, Multiplayer",Action,0.10689655172413794,0.7948717948717949,1.397047397047397
"Third Person, Multiplayer, Singleplayer",Action,0.10689655172413794,0.7948717948717949,1.397047397047397
Third Person,Action,0.2,0.7945205479452055,1.3964300539643006
PvP,Multiplayer,0.25862068965517243,0.9615384615384617,1.3942307692307694
"Online Co-Op, Co-op, Singleplayer",Multiplayer,0.16896551724137931,0.9607843137254902,1.3931372549019607
"Adventure, Multiplayer",Action,0.19655172413793104,0.7916666666666667,1.3914141414141414
"Online Co-Op, Co-op",Multiplayer,0.22413793103448276,0.9558823529411765,1.3860294117647058
Co-op,Multiplayer,0.3689655172413793,0.9553571428571429,1.3852678571428572
"Simulation, Sports","Singleplayer, Multiplayer",0.16896551724137931,0.7538461538461538,1.3836416747809153
Early Access,Simulation,0.1206896551724138,0.7142857142857143,1.380952380952381
"Adventure, Exploration, Singleplayer",Action,0.1,0.7837837837837838,1.3775593775593775
"Atmospheric, Singleplayer, Great Soundtrack",Action,0.1,0.7837837837837838,1.3775593775593775
Online Co-Op,Multiplayer,0.2620689655172414,0.9500000000000001,1.3775
"Online Co-Op, Action, Singleplayer",Multiplayer,0.12758620689655173,0.9487179487179488,1.3756410256410256
"Online Co-Op, First-Person",Multiplayer,0.12413793103448276,0.9473684210526315,1.3736842105263156
"Adventure, Open World, Multiplayer, Singleplayer",Action,0.1103448275862069,0.7804878048780487,1.3717664449371765
"Racing, Singleplayer",Multiplayer,0.11724137931034483,0.9444444444444444,1.3694444444444442
"Online Co-Op, Action",Multiplayer,0.1724137931034483,0.9433962264150944,1.3679245283018868
"Online Co-Op, Simulation",Multiplayer,0.11379310344827587,0.9428571428571428,1.367142857142857
"Online Co-Op, Co-op, Action, Singleplayer",Multiplayer,0.11379310344827587,0.9428571428571428,1.367142857142857
"Atmospheric, Open World",Action,0.14482758620689656,0.7777777777777778,1.367003367003367
"Simulation, Singleplayer, Sports",Multiplayer,0.16896551724137931,0.9423076923076924,1.3663461538461539
"Co-op, Shooter",Multiplayer,0.1103448275862069,0.9411764705882353,1.364705882352941
"Online Co-Op, Co-op, First-Person",Multiplayer,0.1103448275862069,0.9411764705882353,1.364705882352941
"Adventure, Open World, Multiplayer",Action,0.1310344827586207,0.7755102040816327,1.3630179344465059
"Open World, RPG",Action,0.10689655172413794,0.775,1.362121212121212
"Story Rich, Adventure, Singleplayer",Action,0.10689655172413794,0.775,1.362121212121212
"Co-op, Action, Shooter",Multiplayer,0.10344827586206896,0.9375,1.359375
"Co-op, Action","Singleplayer, Multiplayer",0.19655172413793104,0.7402597402597404,1.358704586552688
Sports,"Singleplayer, Multiplayer",0.19655172413793104,0.7402597402597404,1.358704586552688
"Online Co-Op, Co-op, Action",Multiplayer,0.15172413793103448,0.9361702127659575,1.3574468085106381
"Simulation, First-Person","Singleplayer, Multiplayer",0.11724137931034483,0.7391304347826086,1.35663181067694
"Online Co-Op, Action, First-Person",Multiplayer,0.1,0.935483870967742,1.3564516129032258
"Realistic, Simulation, Sports",Multiplayer,0.1,0.935483870967742,1.3564516129032258
"Co-op, Action",Multiplayer,0.2482758620689655,0.9350649350649352,1.3558441558441559
"Atmospheric, Singleplayer, Open World",Action,0.12758620689655173,0.7708333333333334,1.35479797979798
Controller,"Singleplayer, Multiplayer",0.10689655172413794,0.738095238095238,1.3547317661241711
"Atmospheric, Great Soundtrack",Action,0.10344827586206896,0.7692307692307693,1.351981351981352
"Third Person, Multiplayer",Action,0.13793103448275862,0.7692307692307693,1.351981351981352
"Adventure, Co-op",Multiplayer,0.1413793103448276,0.9318181818181819,1.3511363636363636
"Atmospheric, Multiplayer, Open World",Action,0.1,0.763157894736842,1.3413078149920252
"Co-op, Open World",Action,0.1103448275862069,0.7619047619047619,1.339105339105339
"Co-op, Open World, Multiplayer",Action,0.1103448275862069,0.7619047619047619,1.339105339105339
"Adventure, Co-op, Action",Multiplayer,0.12413793103448276,0.9230769230769231,1.3384615384615384
"Singleplayer, Sports",Multiplayer,0.19655172413793104,0.9193548387096774,1.3330645161290322
"Online Co-Op, PvP","Singleplayer, Multiplayer",0.1,0.7250000000000001,1.3306962025316458
"Co-op, First-Person",Multiplayer,0.15172413793103448,0.9166666666666666,1.3291666666666666
"Racing, Simulation, Sports",Multiplayer,0.11379310344827587,0.9166666666666667,1.3291666666666666
"Co-op, Atmospheric",Multiplayer,0.11379310344827587,0.9166666666666667,1.3291666666666666
"Story Rich, Adventure",Action,0.11724137931034483,0.7555555555555555,1.3279461279461278
Racing,"Singleplayer, Multiplayer",0.11724137931034483,0.723404255319149,1.3277673040667926
"Story Rich, Singleplayer",Action,0.1482758620689655,0.7543859649122806,1.3258904837852203
"Adventure, Open World, Singleplayer",Action,0.15862068965517243,0.7540983606557378,1.3253849975161451
"Adventure, Open World",Action,0.1793103448275862,0.7536231884057971,1.3245498462889767
"Racing, Sports","Singleplayer, Multiplayer",0.10689655172413794,0.7209302325581396,1.3232263762143068
"Online Co-Op, Co-op","Singleplayer, Multiplayer",0.16896551724137931,0.7205882352941176,1.3225986597170514
"Adventure, Singleplayer",Action,0.2620689655172414,0.7524752475247526,1.3225322532253228
"First-Person, Singleplayer",Action,0.18620689655172415,0.7500000000000001,1.3181818181818183
"Realistic, Sports",Multiplayer,0.10344827586206896,0.9090909090909091,1.3181818181818181
"Co-op, Atmospheric, Action",Multiplayer,0.1,0.9062500000000001,1.3140625000000001
"Co-op, Action, First-Person",Multiplayer,0.1310344827586207,0.9047619047619048,1.311904761904762
"Co-op, Action, First-Person","Multiplayer, Singleplayer",0.10344827586206896,0.7142857142857142,1.311030741410488
"Realistic, Simulation","Singleplayer, Multiplayer",0.14482758620689656,0.7118644067796611,1.3065865694057073
"PvP, Co-op","Singleplayer, Multiplayer",0.1103448275862069,0.711111111111111,1.3052039381153304
"Racing, Simulation",Multiplayer,0.1206896551724138,0.8974358974358976,1.3012820512820513
First-Person,Action,0.23448275862068965,0.7391304347826086,1.2990777338603423
"Adventure, Exploration",Action,0.10689655172413794,0.738095238095238,1.297258297258297
"Simulation, Sports",Multiplayer,0.2,0.8923076923076924,1.2938461538461539
Adventure,Action,0.30689655172413793,0.7355371900826446,1.2927623340846481
"Atmospheric, Singleplayer",Action,0.2,0.7341772151898734,1.2903720751822016
"Adventure, RPG, Singleplayer",Action,0.11379310344827587,0.7333333333333334,1.288888888888889
"Atmospheric, Multiplayer",Action,0.15172413793103448,0.7333333333333333,1.2888888888888888
"Online Co-Op, Co-op, Action","Multiplayer, Singleplayer",0.11379310344827587,0.7021276595744682,1.2887153245354164
Online Co-Op,"Singleplayer, Multiplayer",0.19310344827586207,0.7,1.2848101265822784
"Atmospheric, Singleplayer, Multiplayer",Action,0.1310344827586207,0.7307692307692308,1.2843822843822845
"Racing, Sports",Multiplayer,0.1310344827586207,0.8837209302325583,1.2813953488372094
Sci-fi,Action,0.1103448275862069,0.7272727272727273,1.278236914600551
"First-Person, Multiplayer",Action,0.18275862068965518,0.726027397260274,1.2760481527604814
"Simulation, Open World, Action",Multiplayer,0.1,0.8787878787878788,1.2742424242424242
"Multiplayer, First-Person, Singleplayer",Action,0.14482758620689656,0.7241379310344828,1.2727272727272727
Tactical,Multiplayer,0.1482758620689655,0.8775510204081632,1.2724489795918366
"Exploration, Singleplayer",Action,0.11724137931034483,0.723404255319149,1.27143778207608
"Adventure, RPG",Action,0.13448275862068965,0.7222222222222221,1.269360269360269
Racing,Multiplayer,0.1413793103448276,0.8723404255319149,1.2648936170212766
"Singleplayer, Tactical",Multiplayer,0.11724137931034483,0.8717948717948718,1.264102564102564
"Singleplayer, Early Access",Multiplayer,0.11379310344827587,0.8684210526315789,1.2592105263157893
"Strategy, Action",Multiplayer,0.1103448275862069,0.8648648648648648,1.254054054054054
Atmospheric,Action,0.23103448275862068,0.7127659574468085,1.2527401676337846
Story Rich,Action,0.16206896551724137,0.712121212121212,1.251606978879706
"Adventure, Action, Great Soundtrack",Singleplayer,0.1103448275862069,0.9696969696969696,1.2498316498316497
"Strategy, Tactical",Multiplayer,0.10689655172413794,0.8611111111111112,1.2486111111111111
"Atmospheric, Great Soundtrack, Action",Singleplayer,0.1,0.9666666666666668,1.245925925925926
Sports,Multiplayer,0.22758620689655173,0.8571428571428573,1.242857142857143
"Action, Sports",Multiplayer,0.10344827586206896,0.8571428571428571,1.2428571428571427
"First-Person, Shooter",Multiplayer,0.10344827586206896,0.8571428571428571,1.2428571428571427
"Shooter, FPS",Multiplayer,0.10344827586206896,0.8571428571428571,1.2428571428571427
"Realistic, First-Person, Singleplayer",Multiplayer,0.1,0.8529411764705883,1.236764705882353
"First-Person, Shooter, FPS",Multiplayer,0.1,0.8529411764705883,1.236764705882353
"Action, First-Person, Shooter",Multiplayer,0.1,0.8529411764705883,1.236764705882353
"Action, Great Soundtrack",Singleplayer,0.15172413793103448,0.9565217391304347,1.2328502415458935
"Simulation, First-Person",Multiplayer,0.13448275862068965,0.8478260869565216,1.2293478260869564
Shooter,Multiplayer,0.13448275862068965,0.8478260869565216,1.2293478260869564
"Adventure, Great Soundtrack",Singleplayer,0.12758620689655173,0.9487179487179488,1.2227920227920228
"Atmospheric, Great Soundtrack",Singleplayer,0.12758620689655173,0.9487179487179488,1.2227920227920228
"Multiplayer, Great Soundtrack",Singleplayer,0.12758620689655173,0.9487179487179488,1.2227920227920228
"Realistic, First-Person",Multiplayer,0.1103448275862069,0.8421052631578947,1.2210526315789472
"Action, Shooter",Multiplayer,0.12758620689655173,0.8409090909090909,1.2193181818181817
"Realistic, Simulation, Singleplayer",Multiplayer,0.14482758620689656,0.84,1.218
"Strategy, Sandbox",Singleplayer,0.11724137931034483,0.9444444444444444,1.217283950617284
"Singleplayer, Controller",Multiplayer,0.10689655172413794,0.8378378378378378,1.2148648648648648
Great Soundtrack,Singleplayer,0.2206896551724138,0.9411764705882353,1.2130718954248365
"Strategy, Simulation, Sandbox",Singleplayer,0.1103448275862069,0.9411764705882353,1.2130718954248365
"Adventure, Open World, Sandbox",Singleplayer,0.10344827586206896,0.9375,1.2083333333333333
"Realistic, Open World",Singleplayer,0.10344827586206896,0.9375,1.2083333333333333
"Simulation, Sandbox, Indie",Singleplayer,0.10344827586206896,0.9375,1.2083333333333333
"Adventure, Open World, Exploration",Singleplayer,0.10344827586206896,0.9375,1.2083333333333333
"Adventure, Open World, First-Person",Singleplayer,0.1,0.935483870967742,1.2057347670250897
"Adventure, Action, Exploration",Singleplayer,0.1,0.935483870967742,1.2057347670250897
"Realistic, Singleplayer",Multiplayer,0.16896551724137931,0.8305084745762712,1.2042372881355932
"Realistic, Simulation",Multiplayer,0.16896551724137931,0.8305084745762712,1.2042372881355932
"Simulation, Singleplayer, First-Person",Multiplayer,0.11724137931034483,0.8292682926829268,1.2024390243902439
"Simulation, Early Access",Multiplayer,0.1,0.8285714285714286,1.2014285714285715
